"id","code","name","user_type/id","type","parent_id/id"
"__export__.account_account_1_1","0","EYM Importadores SRL","account.data_account_type_view","View",""
"__export__.account_account_27_1","1","Activos","account.account_type_asset_view1","View","__export__.account_account_1_1"
"__export__.account_account_28_1","10","Activos Corrientes","account.account_type_asset_view1","View","__export__.account_account_27_1"
"__export__.account_account_29_1","10-01","Efectivo en Cajas y Bancos","account.account_type_asset_view1","View","__export__.account_account_28_1"
"__export__.account_account_30_1","10-01-01","Disponibilidad en Cajas","account.account_type_asset_view1","View","__export__.account_account_29_1"
"__export__.account_account_31_1","10-01-01-01","Fondo de Caja Chica","account.data_account_type_cash","Regular","__export__.account_account_30_1"
"__export__.account_account_32_1","10-01-01-02","Caja General","account.account_type_asset_view1","View","__export__.account_account_29_1"
"__export__.account_account_33_1","10-01-01-02-01","Cajas en RD$","account.data_account_type_cash","Liquidity","__export__.account_account_32_1"
"__export__.account_account_34_1","10-01-01-02-02","Cajas en monedas extranjeras","account.account_type_asset_view1","View","__export__.account_account_32_1"
"__export__.account_account_35_1","10-01-01-02-02-01","Cajas en US$","account.account_type_asset_view1","View","__export__.account_account_34_1"
"__export__.account_account_36_1","10-01-01-02-02-01-01","Cajas en US$","account.data_account_type_cash","Liquidity","__export__.account_account_35_1"
"__export__.account_account_38_1","10-01-01-02-02-01-02","Prima en Caja US$","account.data_account_type_cash","Liquidity","__export__.account_account_35_1"
"__export__.account_account_39_1","10-01-02","Efectivo en Bancos ","account.account_type_asset_view1","View","__export__.account_account_29_1"
"__export__.account_account_40_1","10-01-02-01","Cuentas de Ahorro","account.account_type_asset_view1","View","__export__.account_account_39_1"
"__export__.account_account_41_1","10-01-02-01-01","Cuentas en RD$","account.account_type_asset_view1","View","__export__.account_account_40_1"
"__export__.account_account_42_1","10-01-02-01-01-01","COOPSEMUE","account.data_account_type_bank","Liquidity","__export__.account_account_41_1"
"__export__.account_account_43_1","10-01-02-01-02","Cuentas en Moneda extranjera","account.account_type_asset_view1","View","__export__.account_account_40_1"
"__export__.account_account_44_1","10-01-02-02","Cuentas Corrientes","account.account_type_asset_view1","View","__export__.account_account_39_1"
"__export__.account_account_45_1","10-01-02-02-01","Cuentas en RD$","account.account_type_asset_view1","View","__export__.account_account_44_1"
"__export__.account_account_46_1","10-01-02-02-01-01","Banco Popular 54-78912-2","account.data_account_type_bank","Liquidity","__export__.account_account_45_1"
"__export__.account_account_47_1","10-01-02-02-01-02","Banco del Progreso","account.data_account_type_bank","Liquidity","__export__.account_account_45_1"
"__export__.account_account_48_1","10-01-02-02-02","Cuentas en Moneda extranjera","account.account_type_asset_view1","View","__export__.account_account_44_1"
"__export__.account_account_49_1","10-01-02-03","Inversiones a corto plazo","account.account_type_asset_view1","View","__export__.account_account_39_1"
"__export__.account_account_50_1","10-02","Cuentas por Cobrar","account.account_type_asset_view1","View","__export__.account_account_28_1"
"__export__.account_account_51_1","10-02-01","Cuentas por Cobrar Clientes","account.account_type_asset_view1","View","__export__.account_account_50_1"
"__export__.account_account_52_1","10-02-01-01","Cuentas por Cobrar Clientes en RD$","account.data_account_type_receivable","Receivable","__export__.account_account_51_1"
"__export__.account_account_53_1","10-02-01-02","Cuentas por Cobrar Clientes en Moneda Extranjera","account.account_type_asset_view1","View","__export__.account_account_51_1"
"__export__.account_account_54_1","10-02-01-02-01","Cuentas por Cobrar en US$","account.account_type_asset_view1","View","__export__.account_account_53_1"
"__export__.account_account_55_1","10-02-01-02-01-01","Cuentas por Cobrar en US$","account.data_account_type_receivable","Receivable","__export__.account_account_54_1"
"__export__.account_account_56_1","10-02-01-02-01-02","Prima por Cobrar en US$","account.data_account_type_receivable","Receivable","__export__.account_account_54_1"
"__export__.account_account_57_1","10-02-01-03","Cuentas por Cobrar - Cheques Devueltos","account.account_type_asset_view1","View","__export__.account_account_51_1"
"__export__.account_account_58_1","10-02-01-03-01","Cheques Devueltos ","account.data_account_type_receivable","Receivable","__export__.account_account_57_1"
"__export__.account_account_59_1","10-02-01-03-02","Comisión por cheques devueltos","account.data_account_type_receivable","Receivable","__export__.account_account_57_1"
"__export__.account_account_60_1","10-02-01-04","Reservas para Cuentas Incobrables","account.data_account_type_receivable","Receivable","__export__.account_account_51_1"
"__export__.account_account_61_1","10-02-02","Cuentas por Cobrar funcionarios y Empleados","account.data_account_type_receivable","View","__export__.account_account_50_1"
"__export__.account_account_62_1","10-02-02-01","Prestamos ","account.data_account_type_receivable","Receivable","__export__.account_account_61_1"
"__export__.account_account_63_1","10-02-02-02","Seguro Familiar de Salud","account.data_account_type_receivable","Receivable","__export__.account_account_61_1"
"__export__.account_account_64_1","10-02-02-03","Plan de Pensiones","account.data_account_type_receivable","Receivable","__export__.account_account_61_1"
"__export__.account_account_1925_1","10-02-02-99","Otras Cuentas por Cobrar Funcionarios y Empleados","account.account_type_asset_view1","View","__export__.account_account_61_1"
"__export__.account_account_1926_1","10-02-02-99-01","Eneldo Antonio Serrata Peralta","account.data_account_type_receivable","Receivable","__export__.account_account_1925_1"
"__export__.account_account_1927_1","10-02-02-99-02","Elmer Ismael Serrata Peralta","account.data_account_type_receivable","Receivable","__export__.account_account_1925_1"
"__export__.account_account_1928_1","10-02-03","Cuentas por Cobrar Accionistas","account.account_type_asset_view1","View","__export__.account_account_50_1"
"__export__.account_account_1929_1","10-02-04","Adelantos Suplidores","account.account_type_asset_view1","View","__export__.account_account_50_1"
"__export__.account_account_1930_1","10-02-04-01","Adelantos Suplidores","account.data_account_type_receivable","Receivable","__export__.account_account_1929_1"
"__export__.account_account_1931_1","10-02-99","Otras Cuentas por Cobrar ","account.account_type_asset_view1","View","__export__.account_account_50_1"
"__export__.account_account_1932_1","10-02-99-01","Reclamaciones Bancarias","account.data_account_type_receivable","Receivable","__export__.account_account_1931_1"
"__export__.account_account_1933_1","10-02-99-02","Despacho Portuario","account.data_account_type_receivable","Receivable","__export__.account_account_1931_1"
"__export__.account_account_1934_1","10-02-99-03","Cardnet ","account.data_account_type_receivable","Receivable","__export__.account_account_1931_1"
"__export__.account_account_1935_1","10-02-99-04","Cardnet Bolivar","account.data_account_type_receivable","Receivable","__export__.account_account_1931_1"
"__export__.account_account_1936_1","10-02-99-99","Otras cuentas por cobrar","account.account_type_asset_view1","View","__export__.account_account_1931_1"
"__export__.account_account_1937_1","10-03","Inventario","account.account_type_asset_view1","View","__export__.account_account_28_1"
"__export__.account_account_1938_1","10-03-01","Inventario en Transito","account.data_account_type_asset","Regular","__export__.account_account_1937_1"
"__export__.account_account_1939_1","10-03-02","Inventario en Almacén","account.data_account_type_asset","Regular","__export__.account_account_1937_1"
"__export__.account_account_1940_1","10-03-99","Reservas para obsolescencia de inventario","account.data_account_type_asset","Regular","__export__.account_account_1937_1"
"__export__.account_account_1941_1","10-04","Gastos Pagados por Anticipado","account.account_type_asset_view1","View","__export__.account_account_28_1"
"__export__.account_account_1942_1","10-04-01","Seguros Pagados por Anticipado","account.data_account_type_asset","Regular","__export__.account_account_1941_1"
"__export__.account_account_1943_1","10-04-02","Dirección General de Impuestos Internos","account.account_type_asset_view1","View","__export__.account_account_28_1"
"__export__.account_account_1944_1","10-04-02-01","Anticipos en I.S.R.","account.data_account_type_asset","Regular","__export__.account_account_1943_1"
"__export__.account_account_1945_1","10-04-02-02","ITBIS sobre Compra Locales","account.data_account_type_asset","Regular","__export__.account_account_1943_1"
"__export__.account_account_1946_1","10-04-02-03","ITBIS Pagado en Tarjeta Carnet","account.data_account_type_asset","Regular","__export__.account_account_1943_1"
"__export__.account_account_1947_1","10-04-02-04","ITBIS pagado en Importaciones","account.data_account_type_asset","Regular","__export__.account_account_1943_1"
"__export__.account_account_1948_1","10-04-03","Comisión Carnet","account.data_account_type_asset","Regular","__export__.account_account_1941_1"
"__export__.account_account_1949_1","10-04-04","A liquidar por NCF","account.data_account_type_asset","Regular","__export__.account_account_1941_1"
"__export__.account_account_1950_1","10-04-05","Adelanto dividendos","account.data_account_type_receivable","Receivable","__export__.account_account_1941_1"
"__export__.account_account_1951_1","10-04-06","Impuesto sobre la Renta Diferido-Activo    ","account.data_account_type_asset","Regular","__export__.account_account_1941_1"
"__export__.account_account_1952_1","10-04-07","Promocion Rayaditos de Tropical","account.data_account_type_asset","Regular","__export__.account_account_1941_1"
"__export__.account_account_1953_1","10-04-98","Cargos y Créditos por Liquidar","account.data_account_type_asset","Regular","__export__.account_account_1941_1"
"__export__.account_account_1954_1","10-04-99","Otros Gastos Pagados por Anticipado","account.data_account_type_asset","Regular","__export__.account_account_1941_1"
"__export__.account_account_1955_1","11","Inversiones a largo Plazo","account.account_type_asset_view1","View","__export__.account_account_27_1"
"__export__.account_account_1956_1","12","Activos Fijos","account.account_type_asset_view1","View","__export__.account_account_27_1"
"__export__.account_account_1957_1","12-01","Terreno","account.account_type_asset_view1","View","__export__.account_account_1956_1"
"__export__.account_account_1958_1","12-02","Edificio","account.account_type_asset_view1","View","__export__.account_account_1956_1"
"__export__.account_account_1959_1","12-03","Mobiliario y Equipos de Oficina","account.account_type_asset_view1","View","__export__.account_account_1956_1"
"__export__.account_account_1960_1","12-03-01","Mobiliario y Equipos de Oficina","account.data_account_type_asset","Regular","__export__.account_account_1959_1"
"__export__.account_account_1961_1","12-03-02","Deprec. Acumulada Mobiliario y Equipos de Oficina","account.data_account_type_asset","Regular","__export__.account_account_1959_1"
"__export__.account_account_1962_1","12-04","Equipos de Cómputos y Telecomunicaciones","account.account_type_asset_view1","View","__export__.account_account_1956_1"
"__export__.account_account_1963_1","12-04-01","Equipos de Cómputos y Telecomunicaciones","account.data_account_type_asset","Regular","__export__.account_account_1962_1"
"__export__.account_account_1964_1","12-04-02","Deprec. Acumulada Equipos de Cómputos y Telecomunicaciones","account.data_account_type_asset","Regular","__export__.account_account_1962_1"
"__export__.account_account_1965_1","12-05","Equipos de Transporte","account.account_type_asset_view1","View","__export__.account_account_1956_1"
"__export__.account_account_1966_1","12-05-01","Equipos de Transporte Livianos","account.data_account_type_asset","Regular","__export__.account_account_1965_1"
"__export__.account_account_1967_1","12-05-02","Deprec. Acumulada Equipos de Transporte Livianos","account.data_account_type_asset","Regular","__export__.account_account_1965_1"
"__export__.account_account_1968_1","12-05-03","Equipos de Transporte Pesados","account.data_account_type_asset","Regular","__export__.account_account_1965_1"
"__export__.account_account_1969_1","12-05-04","Deprec. Acumulada Equipos de Transporte Pesados","account.data_account_type_asset","Regular","__export__.account_account_1965_1"
"__export__.account_account_1970_1","12-06","Maquinarias y Equipos","account.account_type_asset_view1","View","__export__.account_account_1956_1"
"__export__.account_account_1971_1","12-07","Otros Activos Depreciables","account.account_type_asset_view1","View","__export__.account_account_1956_1"
"__export__.account_account_1972_1","12-07-01","Otros Activos Depreciables","account.data_account_type_asset","Regular","__export__.account_account_1971_1"
"__export__.account_account_1973_1","12-07-02","Deprec. Acumulada Otros Activos Depreciables","account.data_account_type_asset","Regular","__export__.account_account_1971_1"
"__export__.account_account_1974_1","12-08","Mejoras en Propiedad Arrendada","account.account_type_asset_view1","View","__export__.account_account_1956_1"
"__export__.account_account_1975_1","12-08-01","Mejoras en Propiedad Arrendada","account.data_account_type_asset","Regular","__export__.account_account_1974_1"
"__export__.account_account_1976_1","12-08-02","Amortización Mejoras en Propiedad Arrendada","account.data_account_type_asset","Regular","__export__.account_account_1974_1"
"__export__.account_account_1977_1","12-09","Activos Fijos en Proceso","account.account_type_asset_view1","View","__export__.account_account_1956_1"
"__export__.account_account_1978_1","12-09-01","Terreno en Proceso de Capitalización","account.data_account_type_asset","Regular","__export__.account_account_1977_1"
"__export__.account_account_1979_1","12-09-02","Edificio en Proceso de Capitalización","account.data_account_type_asset","Regular","__export__.account_account_1977_1"
"__export__.account_account_1980_1","12-09-03","Mobiliario y Equipos de Oficina en Proceso de Instalación","account.data_account_type_asset","Regular","__export__.account_account_1977_1"
"__export__.account_account_1981_1","12-09-04","Equipos de Cómputos y Telecom. en Proceso de Instalación","account.data_account_type_asset","Regular","__export__.account_account_1977_1"
"__export__.account_account_1982_1","12-09-05","Equipos de Transporte en Proceso de Liquidación","account.data_account_type_asset","Regular","__export__.account_account_1977_1"
"__export__.account_account_1983_1","12-09-06","Maquinarias y Equipos en Proceso de Instalación","account.data_account_type_asset","Regular","__export__.account_account_1977_1"
"__export__.account_account_1984_1","12-09-07","Otros Activos Depreciables en Proceso de Instalación","account.data_account_type_asset","Regular","__export__.account_account_1977_1"
"__export__.account_account_1985_1","19","Otros Activos","account.account_type_asset_view1","View","__export__.account_account_27_1"
"__export__.account_account_1986_1","19-01","Gastos de Organización y Constitución","account.data_account_type_asset","Regular","__export__.account_account_1985_1"
"__export__.account_account_1987_1","19-02","Depósitos en alquiler","account.data_account_type_asset","Regular","__export__.account_account_1985_1"
"__export__.account_account_1988_1","19-03","Fianza Servicio Eléctrico","account.data_account_type_asset","Regular","__export__.account_account_1985_1"
"__export__.account_account_1989_1","19-04","Obras de Arte","account.data_account_type_asset","Regular","__export__.account_account_1985_1"
"__export__.account_account_1990_1","19-05","Patentes y Derechos de Explotación","account.data_account_type_asset","Regular","__export__.account_account_1985_1"
"__export__.account_account_1991_1","2","Pasivos","account.account_type_liability_view1","View","__export__.account_account_1_1"
"__export__.account_account_1992_1","20","Pasivos Corrientes","account.account_type_liability_view1","View","__export__.account_account_1991_1"
"__export__.account_account_1993_1","20-01","Documentos por Pagar a Corto Plazo","account.account_type_liability_view1","View","__export__.account_account_1992_1"
"__export__.account_account_1994_1","20-01-01","Porción corriente de Deuda a largo plazo","account.data_account_type_payable","Payable","__export__.account_account_1993_1"
"__export__.account_account_1995_1","20-02","Cuentas por Pagar","account.account_type_liability_view1","View","__export__.account_account_1992_1"
"__export__.account_account_1996_1","20-02-01","Cuentas por Pagar Suplidores","account.account_type_liability_view1","View","__export__.account_account_1995_1"
"__export__.account_account_1997_1","20-02-01-01","Suplidores Locales","account.account_type_liability_view1","View","__export__.account_account_1996_1"
"__export__.account_account_1998_1","20-02-01-01-01","Suplidores Locales en RD$","account.data_account_type_payable","Payable","__export__.account_account_1997_1"
"__export__.account_account_1999_1","20-02-01-01-02","Suplidores Locales en moneda extranjera","account.account_type_liability_view1","View","__export__.account_account_1997_1"
"__export__.account_account_2000_1","20-02-01-01-02-01","Suplidores Locales US$","account.account_type_liability_view1","View","__export__.account_account_1999_1"
"__export__.account_account_2001_1","20-02-01-01-02-01-01","Suplidores Locales por Pagar US$","account.data_account_type_payable","Payable","__export__.account_account_2000_1"
"__export__.account_account_2002_1","20-02-01-01-02-01-02","Suplidores Locales Prima por Pagar US$","account.data_account_type_payable","Payable","__export__.account_account_2000_1"
"__export__.account_account_2003_1","20-02-01-02","Suplidores Internacionales","account.account_type_liability_view1","View","__export__.account_account_1999_1"
"__export__.account_account_2004_1","20-02-01-02-01","Cuentas por Pagar US$","account.account_type_liability_view1","View","__export__.account_account_2003_1"
"__export__.account_account_2005_1","20-02-01-02-01-01","Cuentas por Pagar US$","account.data_account_type_payable","Payable","__export__.account_account_2004_1"
"__export__.account_account_2006_1","20-02-01-02-01-02","Prima por Pagar US$","account.data_account_type_payable","Payable","__export__.account_account_2004_1"
"__export__.account_account_2007_1","20-02-02","Cuentas por Pagar Accionistas","account.account_type_liability_view1","View","__export__.account_account_1995_1"
"__export__.account_account_2008_1","20-02-03","Cuentas por Pagar Funcionarios y Empleados","account.account_type_liability_view1","View","__export__.account_account_1995_1"
"__export__.account_account_2009_1","20-02-03-01","Sueldos y Salarios","account.data_account_type_payable","Payable","__export__.account_account_2008_1"
"__export__.account_account_2010_1","20-02-03-02","Comisiones Funcionarios y Empleados","account.data_account_type_payable","Payable","__export__.account_account_2008_1"
"__export__.account_account_2011_1","20-02-03-03","Salario de Navidad","account.data_account_type_payable","Payable","__export__.account_account_2008_1"
"__export__.account_account_2012_1","20-02-03-04","Bonificación","account.data_account_type_payable","Payable","__export__.account_account_2008_1"
"__export__.account_account_2013_1","20-02-03-05","Provisión para Preaviso y Cesantía","account.data_account_type_payable","Payable","__export__.account_account_2008_1"
"__export__.account_account_2014_1","20-02-03-06","Provisión para Vacaciones","account.data_account_type_payable","Payable","__export__.account_account_2008_1"
"__export__.account_account_2015_1","20-02-03-99","Otras Cuentas por Pagar Funcionarios y Empleados","account.data_account_type_payable","Payable","__export__.account_account_2008_1"
"__export__.account_account_2016_1","20-02-04","Cuentas por Pagar al Estado Dominicano","account.account_type_liability_view1","View","__export__.account_account_1995_1"
"__export__.account_account_2017_1","20-02-04-01","Tesorería de la Seguridad Social","account.account_type_liability_view1","View","__export__.account_account_2016_1"
"__export__.account_account_2018_1","20-02-04-01-01","Seguro Familiar de Salud (SFS)","account.data_account_type_payable","Payable","__export__.account_account_2017_1"
"__export__.account_account_2019_1","20-02-04-01-02","Administración Fondo de Pensiones (AFP)","account.data_account_type_payable","Payable","__export__.account_account_2017_1"
"__export__.account_account_2020_1","20-02-04-01-03","Administración Riesgos Laborales (ARL)","account.data_account_type_payable","Payable","__export__.account_account_2017_1"
"__export__.account_account_2021_1","20-02-04-02","Dirección General de Impuestos Internos","account.account_type_liability_view1","View","__export__.account_account_2017_1"
"__export__.account_account_2022_1","20-02-04-02-01","ITBIS","account.account_type_liability_view1","View","__export__.account_account_2021_1"
"__export__.account_account_2023_1","20-02-04-02-01-01","ITBIS de Clientes por Pagar ","account.data_account_type_payable","Payable","__export__.account_account_2022_1"
"__export__.account_account_2024_1","20-02-04-02-01-02","Retención a Personas Físicas (16%)","account.data_account_type_payable","Payable","__export__.account_account_2022_1"
"__export__.account_account_2025_1","20-02-04-02-01-03","Retención a Sociedades (30% del 16%)","account.data_account_type_payable","Payable","__export__.account_account_2022_1"
"__export__.account_account_2026_1","20-02-04-02-02","Retención I.S.R.","account.data_account_type_liability","View","__export__.account_account_2021_1"
"__export__.account_account_2027_1","20-02-04-02-02-01","Retención I.S.R. Empleados","account.data_account_type_payable","Payable","__export__.account_account_2026_1"
"__export__.account_account_2028_1","20-02-04-02-02-02","Retención I.S.R. Alquileres (10%)","account.data_account_type_payable","Payable","__export__.account_account_2026_1"
"__export__.account_account_2029_1","20-02-04-02-02-03","Retención I.S.R. Honorarios (10%)","account.data_account_type_payable","Payable","__export__.account_account_2026_1"
"__export__.account_account_2030_1","20-02-04-02-02-04","Retención I.S.R. Dividendos (25%)","account.data_account_type_payable","Payable","__export__.account_account_2026_1"
"__export__.account_account_2031_1","20-02-04-02-02-05","Retención I.S.R. Premios (1O%)","account.data_account_type_payable","Payable","__export__.account_account_2026_1"
"__export__.account_account_2032_1","20-02-04-02-02-06","Retención I.S.R. Intereses al Exterior","account.data_account_type_payable","Payable","__export__.account_account_2026_1"
"__export__.account_account_2033_1","20-02-04-02-02-07","Retención I.S.R. Remesa al Exterior (25%)","account.data_account_type_payable","Payable","__export__.account_account_2026_1"
"__export__.account_account_2034_1","20-02-04-02-02-08","Otras Retenciones (2%)","account.data_account_type_payable","Payable","__export__.account_account_2026_1"
"__export__.account_account_2035_1","20-02-04-02-03","Retribución Complementaria              ","account.data_account_type_payable","Payable","__export__.account_account_2021_1"
"__export__.account_account_2036_1","20-02-04-02-04","Impuesto Sobre la Renta (25%)  ","account.data_account_type_payable","Payable","__export__.account_account_2021_1"
"__export__.account_account_2037_1","20-02-04-02-05","Impuesto Sobre Activos (1%)","account.data_account_type_payable","Payable","__export__.account_account_2021_1"
"__export__.account_account_2038_1","20-02-04-02-06","Impuesto de Fiscalización por Pagar","account.data_account_type_payable","Payable","__export__.account_account_2021_1"
"__export__.account_account_2039_1","20-02-04-03","Impuesto Sobre la Renta Diferido     ","account.data_account_type_payable","Payable","__export__.account_account_2016_1"
"__export__.account_account_2040_1","20-02-04-04","INFOTEP","account.data_account_type_payable","Payable","__export__.account_account_2016_1"
"__export__.account_account_2041_1","20-02-04-05","Cuenta por Pagar al Instituto Dominicano de Seguros Sociales","account.data_account_type_payable","Payable","__export__.account_account_2016_1"
"__export__.account_account_2042_1","20-02-04-99","Otras Retenciones y Acumulaciones por Pagar ","account.data_account_type_payable","Payable","__export__.account_account_2016_1"
"__export__.account_account_2043_1","20-02-99","Otras Cuentas por Pagar a Corto Plazo","account.account_type_liability_view1","View","__export__.account_account_1995_1"
"__export__.account_account_2044_1","20-02-99-01","Caja Chica","account.data_account_type_payable","Payable","__export__.account_account_2043_1"
"__export__.account_account_2045_1","20-02-99-02","Créditos por Devolución","account.data_account_type_payable","Payable","__export__.account_account_2043_1"
"__export__.account_account_2046_1","20-02-99-03","Cargos Bancarios por Pagar","account.data_account_type_payable","Payable","__export__.account_account_2043_1"
"__export__.account_account_2047_1","20-02-99-04","Comisiones de CarNet por Paga","account.data_account_type_payable","Payable","__export__.account_account_2043_1"
"__export__.account_account_2048_1","20-02-99-99","Otros Pasivos Misceláneos","account.data_account_type_payable","Payable","__export__.account_account_2043_1"
"__export__.account_account_2049_1","21","Pasivos a Largo Plazo","account.account_type_liability_view1","View","__export__.account_account_1991_1"
"__export__.account_account_2050_1","21-01","Documentos por Pagar a Largo Plazo","account.account_type_liability_view1","View","__export__.account_account_2049_1"
"__export__.account_account_2051_1","29","Otros Pasivos ","account.account_type_liability_view1","View","__export__.account_account_1991_1"
"__export__.account_account_2052_1","29-01","Anticipos Clientes","account.data_account_type_payable","Payable","__export__.account_account_2051_1"
"__export__.account_account_2053_1","29-99","Otras Cuentas por Pagar","account.data_account_type_payable","Payable","__export__.account_account_2051_1"
"__export__.account_account_2054_1","3","Capital","account.account_type_liability_view1","View","__export__.account_account_1_1"
"__export__.account_account_2055_1","30","Capital Social Suscrito y Pagado","account.conf_account_type_equity","Liquidity","__export__.account_account_2054_1"
"__export__.account_account_2056_1","31","Capital Adicional Pagado","account.conf_account_type_equity","Liquidity","__export__.account_account_2054_1"
"__export__.account_account_2057_1","32","Acciones en Tesorería","account.conf_account_type_equity","Liquidity","__export__.account_account_2054_1"
"__export__.account_account_2058_1","33","Reservas","account.account_type_liability_view1","View","__export__.account_account_2054_1"
"__export__.account_account_2059_1","33-01","Reserva Legal","account.conf_account_type_equity","Liquidity","__export__.account_account_2058_1"
"__export__.account_account_2060_1","33-02","Otras Reservas","account.conf_account_type_equity","Liquidity","__export__.account_account_2058_1"
"__export__.account_account_2061_1","34","Resultado","account.account_type_liability_view1","View","__export__.account_account_2054_1"
"__export__.account_account_2062_1","34-01","Resultado Acumulado","account.conf_account_type_equity","Liquidity","__export__.account_account_2061_1"
"__export__.account_account_2063_1","34-02","Resultado del Periodo","account.conf_account_type_equity","Liquidity","__export__.account_account_2061_1"
"__export__.account_account_2064_1","34-03","Ajustes a Resultados de Años Anteriores","account.conf_account_type_equity","Liquidity","__export__.account_account_2061_1"
"__export__.account_account_2065_1","34-99","Resumen de Ganancias y Pérdidas","account.conf_account_type_equity","Liquidity","__export__.account_account_2061_1"
"__export__.account_account_2066_1","35","Superávit ","account.data_account_type_liability","View","__export__.account_account_2054_1"
"__export__.account_account_2067_1","35-01","Superávit por Revaluación de Activos","account.conf_account_type_equity","Liquidity","__export__.account_account_2066_1"
"__export__.account_account_2068_1","4","Ingresos","account.account_type_income_view1","View","__export__.account_account_1_1"
"__export__.account_account_2069_1","40","Ingresos en Operaciones","account.account_type_income_view1","View","__export__.account_account_2068_1"
"__export__.account_account_2070_1","40-01","Ventas de Contado","account.data_account_type_income","Regular","__export__.account_account_2069_1"
"__export__.account_account_2071_1","40-02","Ventas a Crédito","account.data_account_type_income","Regular","__export__.account_account_2069_1"
"__export__.account_account_2072_1","40-99","Otros Ingresos Operacionales","account.data_account_type_income","Regular","__export__.account_account_2069_1"
"__export__.account_account_2073_1","41","Deducciones ","account.account_type_income_view1","View","__export__.account_account_2068_1"
"__export__.account_account_2074_1","41-01","Descuentos Sobre Ventas","account.account_type_income_view1","View","__export__.account_account_2073_1"
"__export__.account_account_2075_1","41-01-01","Descuentos Sobre Ventas","account.data_account_type_income","Regular","__export__.account_account_2074_1"
"__export__.account_account_2076_1","41-02","Devoluciones Sobre Ventas","account.account_type_income_view1","View","__export__.account_account_2073_1"
"__export__.account_account_2077_1","41-02-01","Devoluciones sobre ventas","account.data_account_type_income","Regular","__export__.account_account_2076_1"
"__export__.account_account_2078_1","47","Ingresos Financieros","account.account_type_income_view1","View","__export__.account_account_2068_1"
"__export__.account_account_2079_1","47-01","Dividendos Ganados en Otras Compañías","account.data_account_type_income","Regular","__export__.account_account_2078_1"
"__export__.account_account_2080_1","47-02","Participación Patrimonial en Subcidiarias","account.data_account_type_income","Regular","__export__.account_account_2078_1"
"__export__.account_account_2081_1","47-03","Intereses Ganados en Certificados Financieros","account.data_account_type_income","Regular","__export__.account_account_2078_1"
"__export__.account_account_2082_1","47-04","Intereses Ganados en Bonos ","account.data_account_type_income","Regular","__export__.account_account_2078_1"
"__export__.account_account_2083_1","47-05","Intereses Ganados en Cuentas Corriente","account.data_account_type_income","Regular","__export__.account_account_2078_1"
"__export__.account_account_2084_1","47-06","Intereses Ganados en Cuentas de Ahorros","account.data_account_type_income","Regular","__export__.account_account_2078_1"
"__export__.account_account_2085_1","47-07","Ingresos por Venta de Inversiones","account.data_account_type_income","Regular","__export__.account_account_2078_1"
"__export__.account_account_2086_1","48","Ganancia en Venta de Activos Fijos","account.account_type_asset_view1","View","__export__.account_account_2068_1"
"__export__.account_account_2087_1","48-01","Ganancia en Venta de Terreno","account.data_account_type_income","Regular","__export__.account_account_2086_1"
"__export__.account_account_2088_1","48-02","Ganancia en Venta de Edificio","account.data_account_type_income","Regular","__export__.account_account_2086_1"
"__export__.account_account_2089_1","48-03","Ganancia en Venta de Mobiliario y Equipos de Oficina","account.data_account_type_income","Regular","__export__.account_account_2086_1"
"__export__.account_account_2090_1","48-04","Ganancia en Venta Equipos de Cómputos y Telecomunicaciones","account.data_account_type_income","Regular","__export__.account_account_2086_1"
"__export__.account_account_2091_1","48-05","Ganancia en Venta Equipos de Transporte","account.data_account_type_income","Regular","__export__.account_account_2086_1"
"__export__.account_account_2092_1","48-06","Ganancia en Venta Venta de Maquinarias y Equipos","account.data_account_type_income","View","__export__.account_account_2086_1"
"__export__.account_account_2093_1","48-07","Ganancia en Venta Venta de Otros Activos Fijos","account.data_account_type_income","Regular","__export__.account_account_2086_1"
"__export__.account_account_2094_1","49","Ingresos Extraordinarios","account.account_type_income_view1","View","__export__.account_account_2068_1"
"__export__.account_account_2095_1","49-01","Ganancia en Ajuste por Tipo de Cambio","account.data_account_type_income","Regular","__export__.account_account_2094_1"
"__export__.account_account_2096_1","49-02","Ingresos por Recuperación Cuentas Malas","account.data_account_type_income","Regular","__export__.account_account_2094_1"
"__export__.account_account_2097_1","49-03","Ingresos por Indemnización de Seguros","account.data_account_type_income","Regular","__export__.account_account_2094_1"
"__export__.account_account_2098_1","49-04","Ingresos de Años Anteriores","account.data_account_type_income","Regular","__export__.account_account_2094_1"
"__export__.account_account_2099_1","49-99","Otros Ingresos","account.data_account_type_income","Regular","__export__.account_account_2094_1"
"__export__.account_account_2100_1","5","Costos","account.account_type_expense_view1","View","__export__.account_account_1_1"
"__export__.account_account_2101_1","50","Costos Ventas","account.data_account_type_expense","Regular","__export__.account_account_2100_1"
"__export__.account_account_2102_1","51","Descuentos sobre Compras","account.data_account_type_expense","Regular","__export__.account_account_2100_1"
"__export__.account_account_2103_1","6","Gastos","account.account_type_expense_view1","View","__export__.account_account_1_1"
"__export__.account_account_2104_1","60","Gastos Generales y Administrativos","account.account_type_expense_view1","View","__export__.account_account_2103_1"
"__export__.account_account_2105_1","60-01","Gastos Funcionarios y Empleados","account.account_type_expense_view1","View","__export__.account_account_2104_1"
"__export__.account_account_2106_1","60-01-01","Salarios","account.data_account_type_expense","Regular","__export__.account_account_2105_1"
"__export__.account_account_2107_1","60-01-02","Comisiones Funcionarios y Empleados","account.data_account_type_expense","Regular","__export__.account_account_2105_1"
"__export__.account_account_2108_1","60-01-03","Incentivos y Horas Extras","account.data_account_type_expense","Regular","__export__.account_account_2105_1"
"__export__.account_account_2109_1","60-01-04","Bonificación","account.data_account_type_expense","Regular","__export__.account_account_2105_1"
"__export__.account_account_2110_1","60-01-05","Salario de Navidad","account.data_account_type_expense","Regular","__export__.account_account_2105_1"
"__export__.account_account_2111_1","60-01-06","Vacaciones","account.data_account_type_expense","Regular","__export__.account_account_2105_1"
"__export__.account_account_2112_1","60-01-07","Preaviso y Cesantía","account.data_account_type_expense","Regular","__export__.account_account_2105_1"
"__export__.account_account_2113_1","60-01-08","Compensación uso de vehículos","account.data_account_type_expense","Regular","__export__.account_account_2105_1"
"__export__.account_account_2114_1","60-01-09","Entrenamiento y Capacitación","account.data_account_type_expense","Regular","__export__.account_account_2105_1"
"__export__.account_account_2115_1","60-01-10","Infotep","account.data_account_type_expense","Regular","__export__.account_account_2105_1"
"__export__.account_account_2116_1","60-01-11","Aporte Plan Básico de Salud (SFS)","account.data_account_type_expense","Regular","__export__.account_account_2105_1"
"__export__.account_account_2117_1","60-01-12","Aporte Plan de Pensiones (AFP)","account.data_account_type_expense","Regular","__export__.account_account_2105_1"
"__export__.account_account_2118_1","60-01-13","Aporte Riesgos Laborales (ARL) ","account.data_account_type_expense","Regular","__export__.account_account_2105_1"
"__export__.account_account_2119_1","60-01-14","Seguro Medico y de Vida Privado","account.data_account_type_expense","Regular","__export__.account_account_2105_1"
"__export__.account_account_2120_1","60-01-15","Uniforme","account.data_account_type_expense","Regular","__export__.account_account_2105_1"
"__export__.account_account_2121_1","60-01-16","Dietas y Viáticos a Empleados","account.data_account_type_expense","Regular","__export__.account_account_2105_1"
"__export__.account_account_2122_1","60-01-17","Actividades Sociales Empleados","account.data_account_type_expense","Regular","__export__.account_account_2105_1"
"__export__.account_account_2123_1","60-01-18","Gasto de Retribuciones Complementarias","account.data_account_type_expense","Regular","__export__.account_account_2105_1"
"__export__.account_account_2124_1","60-01-19","Impuesto de Retribuciones Complementarias","account.data_account_type_expense","Regular","__export__.account_account_2105_1"
"__export__.account_account_2125_1","60-01-99","Otros Beneficios Empleados","account.data_account_type_expense","Regular","__export__.account_account_2105_1"
"__export__.account_account_2126_1","60-02","Otros Gastos de Ventas y Mercadeo","account.account_type_expense_view1","View","__export__.account_account_2104_1"
"__export__.account_account_2127_1","60-02-01","Agua, Luz y Basura","account.data_account_type_expense","Regular","__export__.account_account_2126_1"
"__export__.account_account_2128_1","60-02-02","Telecomunicaciones","account.data_account_type_expense","Regular","__export__.account_account_2126_1"
"__export__.account_account_2129_1","60-02-03","Depreciación y Amortizaciones","account.account_type_expense_view1","View","__export__.account_account_2126_1"
"__export__.account_account_2130_1","60-02-03-01","Depreciación Edificio","account.data_account_type_expense","Regular","__export__.account_account_2129_1"
"__export__.account_account_2131_1","60-02-03-02","Depreciación Mobiliario y Equipos de Oficina","account.data_account_type_expense","Regular","__export__.account_account_2129_1"
"__export__.account_account_2132_1","60-02-03-03","Depreciación Equipos de Cómputos y Telecomunicaciones","account.data_account_type_expense","Regular","__export__.account_account_2129_1"
"__export__.account_account_2133_1","60-02-03-04","Depreciación Equipos de Transporte","account.data_account_type_expense","Regular","__export__.account_account_2129_1"
"__export__.account_account_2134_1","60-02-03-05","Depreciación Maquinarias y Equipos","account.data_account_type_expense","Regular","__export__.account_account_2129_1"
"__export__.account_account_2135_1","60-02-03-06","Depreciación Otros Activos","account.data_account_type_expense","Regular","__export__.account_account_2129_1"
"__export__.account_account_2136_1","60-02-03-07","Amortización Mejoras en Propiedad Arrendada","account.data_account_type_expense","Regular","__export__.account_account_2129_1"
"__export__.account_account_2137_1","60-02-03-08","Amortización Gastos de Organización y Constitución","account.data_account_type_expense","Regular","__export__.account_account_2129_1"
"__export__.account_account_2138_1","60-02-03-09","Amortización Patentes y Derechos de Explotación","account.data_account_type_expense","Regular","__export__.account_account_2129_1"
"__export__.account_account_2139_1","60-02-04","Seguros Generales","account.data_account_type_expense","Regular","__export__.account_account_2126_1"
"__export__.account_account_2140_1","60-02-05","Alquileres","account.account_type_expense_view1","View","__export__.account_account_2126_1"
"__export__.account_account_2141_1","60-02-05-01","Alquiler de Locales ","account.data_account_type_expense","View","__export__.account_account_2140_1"
"__export__.account_account_2142_1","60-02-05-02","Alquiler de Equipos","account.data_account_type_expense","Regular","__export__.account_account_2140_1"
"__export__.account_account_2143_1","60-02-05-03","Alquiler de Vehículos","account.data_account_type_expense","Regular","__export__.account_account_2140_1"
"__export__.account_account_2144_1","60-02-05-04","Alquileres Generales","account.data_account_type_expense","Regular","__export__.account_account_2140_1"
"__export__.account_account_2145_1","60-02-06","Honorarios por Servicios","account.account_type_expense_view1","View","__export__.account_account_2126_1"
"__export__.account_account_2146_1","60-02-06-01","Honorarios por Servicios Profesionales Sociedades","account.data_account_type_expense","Regular","__export__.account_account_2145_1"
"__export__.account_account_2147_1","60-02-06-02","Honorarios por Servicios Profesionales Personas Físicas","account.data_account_type_expense","Regular","__export__.account_account_2145_1"
"__export__.account_account_2148_1","60-02-06-03","Comisiones por Venta a Terceros Personas Físicas","account.data_account_type_expense","Regular","__export__.account_account_2145_1"
"__export__.account_account_2149_1","60-02-07","Transporte y Acarreo","account.data_account_type_expense","Regular","__export__.account_account_2126_1"
"__export__.account_account_2150_1","60-02-08","Combustible y Lubricantes Vehículos","account.data_account_type_expense","Regular","__export__.account_account_2126_1"
"__export__.account_account_2151_1","60-02-09","Combustible Planta Eléctrica","account.data_account_type_expense","Regular","__export__.account_account_2126_1"
"__export__.account_account_2152_1","60-02-10","Estadía Hoteles","account.data_account_type_expense","Regular","__export__.account_account_2126_1"
"__export__.account_account_2153_1","60-02-11","Gastos por Cuentas Malas","account.data_account_type_expense","Regular","__export__.account_account_2126_1"
"__export__.account_account_2154_1","60-02-12","Reparaciones de Edificio","account.data_account_type_expense","Regular","__export__.account_account_2126_1"
"__export__.account_account_2155_1","60-02-13","Reparaciones de Activos Fijos Categoría 2 y 3","account.data_account_type_expense","Regular","__export__.account_account_2126_1"
"__export__.account_account_2156_1","60-02-14","Mantenimiento de Activos Fijos","account.data_account_type_expense","Regular","__export__.account_account_2126_1"
"__export__.account_account_2157_1","60-02-15","Promociones","account.data_account_type_expense","Regular","__export__.account_account_2126_1"
"__export__.account_account_2158_1","60-02-16","Publicidad","account.data_account_type_expense","Regular","__export__.account_account_2126_1"
"__export__.account_account_2159_1","60-02-17","Viáticos y Representación","account.data_account_type_expense","Regular","__export__.account_account_2126_1"
"__export__.account_account_2160_1","60-02-18","Patrocinio y aportes","account.data_account_type_expense","Regular","__export__.account_account_2126_1"
"__export__.account_account_2161_1","60-02-19","Participación en concursos","account.data_account_type_expense","Regular","__export__.account_account_2126_1"
"__export__.account_account_2162_1","60-02-20","Material Gastable y Papelería","account.data_account_type_expense","Regular","__export__.account_account_2126_1"
"__export__.account_account_2163_1","60-02-21","Material de Limpieza","account.data_account_type_expense","Regular","__export__.account_account_2126_1"
"__export__.account_account_2164_1","60-02-22","Atenciones a Clientes","account.data_account_type_expense","Regular","__export__.account_account_2126_1"
"__export__.account_account_2165_1","60-02-23","Gastos de Correo y Envíos","account.data_account_type_expense","Regular","__export__.account_account_2126_1"
"__export__.account_account_2166_1","60-02-24","Gastos Legales","account.data_account_type_expense","Regular","__export__.account_account_2126_1"
"__export__.account_account_2167_1","60-02-25","Seguridad Electrónica","account.data_account_type_expense","Regular","__export__.account_account_2126_1"
"__export__.account_account_2168_1","60-02-26","Guardianes y Vigilancia","account.data_account_type_expense","Regular","__export__.account_account_2126_1"
"__export__.account_account_2169_1","60-02-27","Fumigación y Control de Plagas","account.data_account_type_expense","Regular","__export__.account_account_2126_1"
"__export__.account_account_2170_1","60-02-28","Suscripciones y Membresías","account.data_account_type_expense","Regular","__export__.account_account_2126_1"
"__export__.account_account_2171_1","60-02-29","Donaciones","account.data_account_type_expense","Regular","__export__.account_account_2126_1"
"__export__.account_account_2172_1","60-02-30","Gastos de Representación","account.data_account_type_expense","Regular","__export__.account_account_2126_1"
"__export__.account_account_2173_1","60-02-31","Pérdida por Obsolescencia de Inventarios","account.data_account_type_expense","Regular","__export__.account_account_2126_1"
"__export__.account_account_2174_1","60-02-32","Pérdida en Venta de Inversiones","account.data_account_type_expense","Regular","__export__.account_account_2126_1"
"__export__.account_account_2175_1","60-02-33","Pérdida en Venta de Activos Fijos","account.account_type_expense_view1","View","__export__.account_account_2126_1"
"__export__.account_account_2176_1","60-02-33-01","Pérdida en Venta de Terreno","account.data_account_type_expense","Regular","__export__.account_account_2175_1"
"__export__.account_account_2177_1","60-02-33-02","Pérdida en Venta de Edificio","account.data_account_type_expense","Regular","__export__.account_account_2175_1"
"__export__.account_account_2178_1","60-02-33-03","Pérdida en Venta de Mobiliario y Equipos de Oficina","account.data_account_type_expense","Regular","__export__.account_account_2175_1"
"__export__.account_account_2179_1","60-02-33-04","Pérdida en Venta de Maquinarias y Equipos","account.data_account_type_expense","Regular","__export__.account_account_2175_1"
"__export__.account_account_2180_1","60-02-33-05","Pérdida en Venta de Otros Activos Fijos","account.data_account_type_expense","Regular","__export__.account_account_2175_1"
"__export__.account_account_2181_1","60-02-34","Pérdida en Participación Patrimonial en Subsidiarias","account.data_account_type_expense","Regular","__export__.account_account_2126_1"
"__export__.account_account_2182_1","60-02-35","Pérdida en Indemnización de Seguros","account.data_account_type_expense","Regular","__export__.account_account_2126_1"
"__export__.account_account_2183_1","60-02-36","Consulta de Datos e Formación Crediticia","account.data_account_type_expense","Regular","__export__.account_account_2126_1"
"__export__.account_account_2184_1","60-02-98","Gastos No Deducible ISR","account.account_type_expense_view1","View","__export__.account_account_2126_1"
"__export__.account_account_2185_1","60-02-98-01","Impuesto de Fiscalización","account.data_account_type_expense","Regular","__export__.account_account_2184_1"
"__export__.account_account_2186_1","60-02-98-02","Retenciones de Impuesto sobre la Rentas Asumidas","account.data_account_type_expense","Regular","__export__.account_account_2184_1"
"__export__.account_account_2187_1","60-02-98-03","Penalidades, Mora e Interés Indemnizatorios","account.data_account_type_expense","Regular","__export__.account_account_2184_1"
"__export__.account_account_2188_1","60-02-98-04","Gastos Sin Comprobantes No Admitidos","account.data_account_type_expense","Regular","__export__.account_account_2184_1"
"__export__.account_account_2189_1","60-02-98-05","Gastos de Años Anteriores No Admitidos","account.data_account_type_expense","Regular","__export__.account_account_2184_1"
"__export__.account_account_2190_1","60-02-98-99","Otros Gastos No Deducible ISR","account.data_account_type_expense","Regular","__export__.account_account_2184_1"
"__export__.account_account_2191_1","60-02-99","Otros Gastos Generales y Administrativos","account.data_account_type_expense","Regular","__export__.account_account_2126_1"
"__export__.account_account_2280_1","62","Gastos Financieros","account.account_type_expense_view1","View","__export__.account_account_2103_1"
"__export__.account_account_2281_1","62-01","Cargos Bancarios","account.data_account_type_expense","Regular","__export__.account_account_2280_1"
"__export__.account_account_2282_1","62-02","Cargos Carnet","account.data_account_type_expense","Regular","__export__.account_account_2280_1"
"__export__.account_account_2283_1","62-03","Pérdida en Ajuste por Tipo de Cambio","account.data_account_type_expense","Regular","__export__.account_account_2280_1"
"__export__.account_account_2284_1","62-04","Intereses sobre Prestamos Bancarios","account.data_account_type_expense","Regular","__export__.account_account_2280_1"
"__export__.account_account_2285_1","62-05","Intereses sobre Prestamos Particulares","account.data_account_type_expense","Regular","__export__.account_account_2280_1"
"__export__.account_account_2286_1","63","Impuestos sobre la Renta","account.account_type_expense_view1","View","__export__.account_account_2103_1"
"__export__.account_account_2287_1","63-01","Impuestos sobre la Renta Corrientes","account.data_account_type_expense","Regular","__export__.account_account_2286_1"
"__export__.account_account_2288_1","63-02","Impuestos sobre Activos Corrientes","account.data_account_type_expense","Regular","__export__.account_account_2286_1"
"__export__.account_account_2289_1","63-03","Impuestos Sobre la Renta Diferidos","account.data_account_type_expense","Regular","__export__.account_account_2286_1"
"__export__.account_account_2290_1","63-04","Crédito Fiscal por Retención de Dividendos","account.data_account_type_expense","Regular","__export__.account_account_2286_1"
"__export__.account_account_2291_1","63-05","Impuestos de años anteriores","account.data_account_type_expense","Regular","__export__.account_account_2286_1"
"__export__.account_account_2292_1","63-06","Impuestos sobre Activos de años anteriores","account.data_account_type_expense","Regular","__export__.account_account_2286_1"
"__export__.account_account_2293_1","7","Transferencia a Reserva","account.account_type_expense_view1","View","__export__.account_account_1_1"
"__export__.account_account_2294_1","70","Transferencia a Reserva","account.account_type_expense_view1","View","__export__.account_account_2293_1"
"__export__.account_account_2295_1","70-01","Transferencia a Reserva Legal","account.data_account_type_expense","Regular","__export__.account_account_2294_1"
"__export__.account_account_2296_1","70-02","Transferencia a Otras Reservas","account.data_account_type_expense","Regular","__export__.account_account_2294_1"
